category,name,type,counter,unit,index
sysinfo,system,str,0,,
sysinfo,node,str,0,,
sysinfo,release,str,0,,
sysinfo,version,str,0,,
sysinfo,machine,str,0,,
sysinfo,processor,str,0,,
sysinfo,platform,str,0,,
sysinfo,architecture,str,0,,
bm_ifs,link_addr,str,0,,if_name
bm_ifs,link_broadcast,str,0,,if_name
bm_ifs,link_peer,str,0,,if_name
bm_ifs,link_gw_addr,str,0,,if_name
bm_ifs,link_gw_if,str,0,,if_name
bm_ifs,link_gw_default,str,0,,if_name
bm_ifs,ip4_addr,str,0,,if_name
bm_ifs,ip4_broadcast,str,0,,if_name
bm_ifs,ip4_netmask,str,0,,if_name
bm_ifs,ip4_peer,str,0,,if_name
bm_ifs,ip4_gw_addr,str,0,,if_name
bm_ifs,ip4_gw_if,str,0,,if_name
bm_ifs,ip4_gw_default,str,0,,if_name
bm_ifs,ip6_addr,str,0,,if_name
bm_ifs,ip6_broadcast,str,0,,if_name
bm_ifs,ip6_netmask,str,0,,if_name
bm_ifs,ip6_peer,str,0,,if_name
bm_ifs,ip6_gw_addr,str,0,,if_name
bm_ifs,ip6_gw_if,str,0,,if_name
bm_ifs,ip6_gw_default,str,0,,if_name
bm_ifs,numa_node,str,0,,if_name
bm_ifs,local_cpulist,str,0,,if_name
bm_ifs,local_cpu,str,0,,if_name
bm_ifs,enable,str,0,,if_name
bm_ifs,current_link_speed,str,0,,if_name
bm_ifs,current_link_width,str,0,,if_name
bm_ifs,mtu,int,0,,if_name
bm_ifs,tx_queue_len,int,0,,if_name
bm_ifs,duplex,str,0,,if_name
bm_ifs,carrier,str,0,,if_name
bm_ifs,operstate,str,0,,if_name
bm_ifs,carrier_down_count,int,1,,if_name
bm_ifs,carrier_up_count,int,1,,if_name
stats_global,proc_count,int,0,,
stats_global,run_count,int,0,,
stats_global,sleep_count,int,0,,
stats_global,wait_count,int,0,,
stats_global,stopped_count,int,0,,
stats_global,ts_count,int,0,,
stats_global,dead_count,int,0,,
stats_global,zombie_count,int,0,,
stats_global,parked_count,int,0,,
stats_global,idle_count,int,0,,
uptime,up,str,0,,
uptime,idle,str,0,,
loadavg,1min,float,0,,
loadavg,5min,float,0,,
loadavg,15min,float,0,,
loadavg,runnable,float,0,,
loadavg,total,float,0,,
net/dev,rx_bytes,int,1,,if_name
net/dev,rx_packets,int,1,,if_name
net/dev,rx_errs,int,1,,if_name
net/dev,rx_drop,int,1,,if_name
net/dev,rx_fifo,int,1,,if_name
net/dev,rx_frame,int,1,,if_name
net/dev,rx_compressed,int,1,,if_name
net/dev,rx_multicast,int,1,,if_name
net/dev,tx_bytes,int,1,,if_name
net/dev,tx_packets,int,1,,if_name
net/dev,tx_errs,int,1,,if_name
net/dev,tx_drop,int,1,,if_name
net/dev,tx_fifo,int,1,,if_name
net/dev,tx_cols,int,1,,if_name
net/dev,tx_carrier,int,1,,if_name
net/dev,tx_compressed,int,1,,if_name
meminfo,MemTotal,int,0,kB,
meminfo,MemFree,int,0,kB,
meminfo,MemAvailable,int,0,kB,
meminfo,Buffers,int,0,kB,
meminfo,Cached,int,0,kB,
meminfo,SwapCached,int,0,kB,
meminfo,Active,int,0,kB,
meminfo,Inactive,int,0,kB,
meminfo,Active(anon),int,0,kB,
meminfo,Inactive(anon),int,0,kB,
meminfo,Active(file),int,0,kB,
meminfo,Inactive(file),int,0,kB,
meminfo,Unevictable,int,0,kB,
meminfo,Mlocked,int,0,kB,
meminfo,SwapFree,int,0,kB,
meminfo,Dirty,int,0,kB,
meminfo,Writeback,int,0,kB,
meminfo,AnonPages,int,0,kB,
meminfo,Mapped,int,0,kB,
meminfo,Shmem,int,0,kB,
meminfo,KReclaimable,int,0,kB,
meminfo,Slab,int,0,kB,
meminfo,SReclaimable,int,0,kB,
meminfo,SUnreclaim,int,0,kB,
meminfo,KernelStack,int,0,kB,
meminfo,PageTables,int,0,kB,
meminfo,NFS_Unstable,int,0,kB,
meminfo,Bounce,int,0,kB,
meminfo,WritebackTmp,int,0,kB,
meminfo,CommitLimit,int,0,kB,
meminfo,Committed_AS,int,0,kB,
meminfo,VmallocTotal,int,0,kB,
meminfo,VmallocUsed,int,0,kB,
meminfo,VmallocChunk,int,0,kB,
meminfo,Percpu,int,0,kB,
meminfo,HardwareCorrupted,int,0,kB,
meminfo,AnonHugePages,int,0,kB,
meminfo,ShmemHugePages,int,0,kB,
meminfo,ShmemPmdMapped,int,0,kB,
meminfo,CmaTotal,int,0,kB,
meminfo,CmaFree,int,0,kB,
meminfo,HugePages_Total,int,0,,
meminfo,HugePages_Free,int,0,,
meminfo,HugePages_Rsvd,int,0,,
meminfo,HugePages_Surp,int,0,,
meminfo,Hugepagesize,int,0,kB,
meminfo,Hugetlb,int,0,kB,
meminfo,DirectMap4k,int,0,kB,
meminfo,DirectMap2M,int,0,kB,
swaps,type,str,0,,swap_name
swaps,size,str,0,,swap_name
swaps,used,str,0,,swap_name
swaps,priority,str,0,,swap_name
diskstats,device_major,int,0,,device_name
diskstats,device_minor,int,0,,device_name
diskstats,reads_completed,int,1,,device_name
diskstats,reads_merged,int,1,,device_name
diskstats,sectors_read,int,1,,device_name
diskstats,time_reading,int,0,ms,device_name
diskstats,writes_completed,int,1,,device_name
diskstats,writes_merged,int,1,,device_name
diskstats,sectors_written,int,1,,device_name
diskstats,time_writting,int,0,ms,device_name
diskstats,discards_completed,int,1,,device_name
diskstats,discards_merged,int,1,,device_name
diskstats,sectors_discarded,int,1,,device_name
diskstats,time_discarding,int,0,ms,device_name
diskstats,current_io,int,0,,device_name
diskstats,time_io,int,0,ms,device_name
diskstats,time_io_weighted,int,0,ms,device_name
diskstats,size,int,0,KB,device_name
diskstats,fs_spec,str,0,,device_name
diskstats,fs_file,str,0,,device_name
diskstats,fs_vfstype,str,0,,device_name
diskstats,fs_mntops,str,0,,device_name
diskstats,total,int,0,KB,device_name
diskstats,free_root,int,0,KB,device_name
diskstats,free_user,int,0,KB,device_name
diskstats,used,int,0,KB,device_name
diskstats,total_user,int,0,KB,device_name
diskstats,usage_user,int,0,%,device_name
proc/sys,net.core.rmem_default,int,0,B,
proc/sys,net.core.rmem_max,int,0,B,
proc/sys,net.core.wmem_default,int,0,B,
proc/sys,net.core.wmem_max,int,0,B,
proc/sys,net.ipv4.tcp_mem_min,int,0,B,
proc/sys,net.ipv4.tcp_mem_pressure,int,0,B,
proc/sys,net.ipv4.tcp_mem_max,int,0,B,
proc/sys,net.ipv4.tcp_rmem_min,int,0,B,
proc/sys,net.ipv4.tcp_rmem_default,int,0,B,
proc/sys,net.ipv4.tcp_rmem_max,int,0,B,
proc/sys,net.ipv4.tcp_wmem_min,int,0,B,
proc/sys,net.ipv4.tcp_wmem_default,int,0,B,
proc/sys,net.ipv4.tcp_wmem_max,int,0,B,
proc/sys,net.core.default_qdisc,int,0,,
proc/sys,vnet.core.netdev_max_backlog ,int,0,,
proc/sys,net.ipv4.tcp_congestion_control,int,0,,
proc/sys,net.ipv4.tcp_sack,int,0,,
proc/sys,net.ipv4.tcp_dsack,int,0,,
proc/sys,net.ipv4.tcp_fack,int,0,,
proc/sys,net.ipv4.tcp_syn_retries,int,0,,
proc/sys,net.ipv4.tcp_slow_start_after_idle,int,0,,
proc/sys,net.ipv4.tcp_retries1,int,0,,
proc/sys,net.ipv4.tcp_retries2,int,0,,
proc/sys,net.ipv4.tcp_mtu_probing,int,0,,
proc/sys,net.ipv4.tcp_max_syn_backlog,int,0,,
proc/sys,net.ipv4.tcp_base_mss,int,0,,
proc/sys,net.ipv4.tcp_min_snd_mss,int,0,,
proc/sys,net.ipv4.tcp_ecn_fallback,int,0,,
proc/sys,net.ipv4.tcp_ecn,int,0,,
proc/sys,net.ipv4.tcp_adv_win_scale,int,0,,
proc/sys,net.ipv4.tcp_window_scaling,int,0,,
proc/sys,net.ipv4.tcp_tw_reuse,int,0,,
proc/sys,net.ipv4.tcp_syncookies,int,0,,
proc/sys,net.ipv4.tcp_timestamps,int,0,,
proc/sys,net.ipv4.tcp_no_metrics_save,int,0,,
proc/sys,net.ipv4.ip_forward,int,0,,
proc/sys,net.ipv4.ip_no_pmtu_disc,int,0,,
netstat,TcpExtSyncookiesSent,int,1,,
netstat,TcpExtSyncookiesRecv,int,1,,
netstat,TcpExtSyncookiesFailed,int,1,,
netstat,TcpExtEmbryonicRsts,int,1,,
netstat,TcpExtPruneCalled,int,1,,
netstat,TcpExtRcvPruned,int,1,,
netstat,TcpExtOfoPruned,int,1,,
netstat,TcpExtOutOfWindowIcmps,int,1,,
netstat,TcpExtLockDroppedIcmps,int,1,,
netstat,TcpExtArpFilter,int,1,,
netstat,TcpExtTW,int,1,,
netstat,TcpExtTWRecycled,int,1,,
netstat,TcpExtTWKilled,int,1,,
netstat,TcpExtPAWSActive,int,1,,
netstat,TcpExtPAWSEstab,int,1,,
netstat,TcpExtDelayedACKs,int,1,,
netstat,TcpExtDelayedACKLocked,int,1,,
netstat,TcpExtDelayedACKLost,int,1,,
netstat,TcpExtListenOverflows,int,1,,
netstat,TcpExtListenDrops,int,1,,
netstat,TcpExtTCPHPHits,int,1,,
netstat,TcpExtTCPPureAcks,int,1,,
netstat,TcpExtTCPHPAcks,int,1,,
netstat,TcpExtTCPRenoRecovery,int,1,,
netstat,TcpExtTCPSackRecovery,int,1,,
netstat,TcpExtTCPSACKReneging,int,1,,
netstat,TcpExtTCPSACKReorder,int,1,,
netstat,TcpExtTCPRenoReorder,int,1,,
netstat,TcpExtTCPTSReorder,int,1,,
netstat,TcpExtTCPFullUndo,int,1,,
netstat,TcpExtTCPPartialUndo,int,1,,
netstat,TcpExtTCPDSACKUndo,int,1,,
netstat,TcpExtTCPLossUndo,int,1,,
netstat,TcpExtTCPLostRetransmit,int,1,,
netstat,TcpExtTCPRenoFailures,int,1,,
netstat,TcpExtTCPSackFailures,int,1,,
netstat,TcpExtTCPLossFailures,int,1,,
netstat,TcpExtTCPFastRetrans,int,1,,
netstat,TcpExtTCPSlowStartRetrans,int,1,,
netstat,TcpExtTCPTimeouts,int,1,,
netstat,TcpExtTCPLossProbes,int,1,,
netstat,TcpExtTCPLossProbeRecovery,int,1,,
netstat,TcpExtTCPRenoRecoveryFail,int,1,,
netstat,TcpExtTCPSackRecoveryFail,int,1,,
netstat,TcpExtTCPRcvCollapsed,int,1,,
netstat,TcpExtTCPBacklogCoalesce,int,1,,
netstat,TcpExtTCPDSACKOldSent,int,1,,
netstat,TcpExtTCPDSACKOfoSent,int,1,,
netstat,TcpExtTCPDSACKRecv,int,1,,
netstat,TcpExtTCPDSACKOfoRecv,int,1,,
netstat,TcpExtTCPAbortOnData,int,1,,
netstat,TcpExtTCPAbortOnClose,int,1,,
netstat,TcpExtTCPAbortOnMemory,int,1,,
netstat,TcpExtTCPAbortOnTimeout,int,1,,
netstat,TcpExtTCPAbortOnLinger,int,1,,
netstat,TcpExtTCPAbortFailed,int,1,,
netstat,TcpExtTCPMemoryPressures,int,1,,
netstat,TcpExtTCPMemoryPressuresChrono,int,1,,
netstat,TcpExtTCPSACKDiscard,int,1,,
netstat,TcpExtTCPDSACKIgnoredOld,int,1,,
netstat,TcpExtTCPDSACKIgnoredNoUndo,int,1,,
netstat,TcpExtTCPSpuriousRTOs,int,1,,
netstat,TcpExtTCPMD5NotFound,int,1,,
netstat,TcpExtTCPMD5Unexpected,int,1,,
netstat,TcpExtTCPMD5Failure,int,1,,
netstat,TcpExtTCPSackShifted,int,1,,
netstat,TcpExtTCPSackMerged,int,1,,
netstat,TcpExtTCPSackShiftFallback,int,1,,
netstat,TcpExtTCPBacklogDrop,int,1,,
netstat,TcpExtPFMemallocDrop,int,1,,
netstat,TcpExtTCPMinTTLDrop,int,1,,
netstat,TcpExtTCPDeferAcceptDrop,int,1,,
netstat,TcpExtIPReversePathFilter,int,1,,
netstat,TcpExtTCPTimeWaitOverflow,int,1,,
netstat,TcpExtTCPReqQFullDoCookies,int,1,,
netstat,TcpExtTCPReqQFullDrop,int,1,,
netstat,TcpExtTCPRetransFail,int,1,,
netstat,TcpExtTCPRcvCoalesce,int,1,,
netstat,TcpExtTCPOFOQueue,int,1,,
netstat,TcpExtTCPOFODrop,int,1,,
netstat,TcpExtTCPOFOMerge,int,1,,
netstat,TcpExtTCPChallengeACK,int,1,,
netstat,TcpExtTCPSYNChallenge,int,1,,
netstat,TcpExtTCPFastOpenActive,int,1,,
netstat,TcpExtTCPFastOpenActiveFail,int,1,,
netstat,TcpExtTCPFastOpenPassive,int,1,,
netstat,TcpExtTCPFastOpenPassiveFail,int,1,,
netstat,TcpExtTCPFastOpenListenOverflow,int,1,,
netstat,TcpExtTCPFastOpenCookieReqd,int,1,,
netstat,TcpExtTCPFastOpenBlackhole,int,1,,
netstat,TcpExtTCPSpuriousRtxHostQueues,int,1,,
netstat,TcpExtBusyPollRxPackets,int,1,,
netstat,TcpExtTCPAutoCorking,int,1,,
netstat,TcpExtTCPFromZeroWindowAdv,int,1,,
netstat,TcpExtTCPToZeroWindowAdv,int,1,,
netstat,TcpExtTCPWantZeroWindowAdv,int,1,,
netstat,TcpExtTCPSynRetrans,int,1,,
netstat,TcpExtTCPOrigDataSent,int,1,,
netstat,TcpExtTCPHystartTrainDetect,int,1,,
netstat,TcpExtTCPHystartTrainCwnd,int,1,,
netstat,TcpExtTCPHystartDelayDetect,int,1,,
netstat,TcpExtTCPHystartDelayCwnd,int,1,,
netstat,TcpExtTCPACKSkippedSynRecv,int,1,,
netstat,TcpExtTCPACKSkippedPAWS,int,1,,
netstat,TcpExtTCPACKSkippedSeq,int,1,,
netstat,TcpExtTCPACKSkippedFinWait2,int,1,,
netstat,TcpExtTCPACKSkippedTimeWait,int,1,,
netstat,TcpExtTCPACKSkippedChallenge,int,1,,
netstat,TcpExtTCPWinProbe,int,1,,
netstat,TcpExtTCPKeepAlive,int,1,,
netstat,TcpExtTCPMTUPFail,int,1,,
netstat,TcpExtTCPMTUPSuccess,int,1,,
netstat,TcpExtTCPDelivered,int,1,,
netstat,TcpExtTCPDeliveredCE,int,1,,
netstat,TcpExtTCPAckCompressed,int,1,,
netstat,TcpExtTCPZeroWindowDrop,int,1,,
netstat,TcpExtTCPRcvQDrop,int,1,,
netstat,TcpExtTCPWqueueTooBig,int,1,,
netstat,TcpExtTCPFastOpenPassiveAltKey,int,1,,
netstat,IpExtInNoRoutes,int,1,,
netstat,IpExtInTruncatedPkts,int,1,,
netstat,IpExtInMcastPkts,int,1,,
netstat,IpExtOutMcastPkts,int,1,,
netstat,IpExtInBcastPkts,int,1,,
netstat,IpExtOutBcastPkts,int,1,,
netstat,IpExtInOctets,int,1,,
netstat,IpExtOutOctets,int,1,,
netstat,IpExtInMcastOctets,int,1,,
netstat,IpExtOutMcastOctets,int,1,,
netstat,IpExtInBcastOctets,int,1,,
netstat,IpExtOutBcastOctets,int,1,,
netstat,IpExtInCsumErrors,int,1,,
netstat,IpExtInNoECTPkts,int,1,,
netstat,IpExtInECT1Pkts,int,1,,
netstat,IpExtInECT0Pkts,int,1,,
netstat,IpExtInCEPkts,int,1,,
netstat,IpExtReasmOverlaps,int,1,,
snmp,IpForwarding,int,1,,
snmp,IpDefaultTTL,int,1,,
snmp,IpInReceives,int,1,,
snmp,IpInHdrErrors,int,1,,
snmp,IpInAddrErrors,int,1,,
snmp,IpForwDatagrams,int,1,,
snmp,IpInUnknownProtos,int,1,,
snmp,IpInDiscards,int,1,,
snmp,IpInDelivers,int,1,,
snmp,IpOutRequests,int,1,,
snmp,IpOutDiscards,int,1,,
snmp,IpOutNoRoutes,int,1,,
snmp,IpReasmTimeout,int,1,,
snmp,IpReasmReqds,int,1,,
snmp,IpReasmOKs,int,1,,
snmp,IpReasmFails,int,1,,
snmp,IpFragOKs,int,1,,
snmp,IpFragFails,int,1,,
snmp,IpFragCreates,int,1,,
snmp,IcmpInMsgs,int,1,,
snmp,IcmpInErrors,int,1,,
snmp,IcmpInCsumErrors,int,1,,
snmp,IcmpInDestUnreachs,int,1,,
snmp,IcmpInTimeExcds,int,1,,
snmp,IcmpInParmProbs,int,1,,
snmp,IcmpInSrcQuenchs,int,1,,
snmp,IcmpInRedirects,int,1,,
snmp,IcmpInEchos,int,1,,
snmp,IcmpInEchoReps,int,1,,
snmp,IcmpInTimestamps,int,1,,
snmp,IcmpInTimestampReps,int,1,,
snmp,IcmpInAddrMasks,int,1,,
snmp,IcmpInAddrMaskReps,int,1,,
snmp,IcmpOutMsgs,int,1,,
snmp,IcmpOutErrors,int,1,,
snmp,IcmpOutDestUnreachs,int,1,,
snmp,IcmpOutTimeExcds,int,1,,
snmp,IcmpOutParmProbs,int,1,,
snmp,IcmpOutSrcQuenchs,int,1,,
snmp,IcmpOutRedirects,int,1,,
snmp,IcmpOutEchos,int,1,,
snmp,IcmpOutEchoReps,int,1,,
snmp,IcmpOutTimestamps,int,1,,
snmp,IcmpOutTimestampReps,int,1,,
snmp,IcmpOutAddrMasks,int,1,,
snmp,IcmpOutAddrMaskReps,int,1,,
snmp,IcmpMsgInType3,int,1,,
snmp,IcmpMsgOutType3,int,1,,
snmp,TcpRtoAlgorithm,int,1,,
snmp,TcpRtoMin,int,1,,
snmp,TcpRtoMax,int,1,,
snmp,TcpMaxConn,int,1,,
snmp,TcpActiveOpens,int,1,,
snmp,TcpPassiveOpens,int,1,,
snmp,TcpAttemptFails,int,1,,
snmp,TcpEstabResets,int,1,,
snmp,TcpCurrEstab,int,1,,
snmp,TcpInSegs,int,1,,
snmp,TcpOutSegs,int,1,,
snmp,TcpRetransSegs,int,1,,
snmp,TcpInErrs,int,1,,
snmp,TcpOutRsts,int,1,,
snmp,TcpInCsumErrors,int,1,,
snmp,UdpInDatagrams,int,1,,
snmp,UdpNoPorts,int,1,,
snmp,UdpInErrors,int,1,,
snmp,UdpOutDatagrams,int,1,,
snmp,UdpRcvbufErrors,int,1,,
snmp,UdpSndbufErrors,int,1,,
snmp,UdpInCsumErrors,int,1,,
snmp,UdpIgnoredMulti,int,1,,
snmp,UdpLiteInDatagrams,int,1,,
snmp,UdpLiteNoPorts,int,1,,
snmp,UdpLiteInErrors,int,1,,
snmp,UdpLiteOutDatagrams,int,1,,
snmp,UdpLiteRcvbufErrors,int,1,,
snmp,UdpLiteSndbufErrors,int,1,,
snmp,UdpLiteInCsumErrors,int,1,,
snmp,UdpLiteIgnoredMulti,int,1,,
net/arp,type,int,0,,cpu_label
net/arp,flags,int,0,,cpu_label
net/arp,link_addr,int,0,,cpu_label
net/arp,mask,int,0,,cpu_label
net/arp,dev,int,0,,cpu_label
stat/cpu,user_time,int,1,ms,cpu_label
stat/cpu,nice_time,int,1,ms,cpu_label
stat/cpu,system_time,int,1,ms,cpu_label
stat/cpu,idle_time,int,1,ms,cpu_label
stat/cpu,iowait_time,int,1,ms,cpu_label
stat/cpu,irq_time,int,1,ms,cpu_label
stat/cpu,softirq_time,int,1,ms,cpu_label
stat/cpu,steal_time,int,1,ms,cpu_label
stat/cpu,guest_time,int,1,ms,cpu_label
stat/cpu,guest_nice_time,int,1,ms,cpu_label
stat/cpu,system_all_time,int,1,ms,cpu_label
stat/cpu,idle_all_time,int,1,ms,cpu_label
stat/cpu,guest_all_time,int,1,ms,cpu_label
stat/cpu,total_time,int,1,ms,cpu_label
stat/cpu,user_period,int,0,ms,cpu_label
stat/cpu,nice_period,int,0,ms,cpu_label
stat/cpu,system_period,int,0,ms,cpu_label
stat/cpu,idle_period,int,0,ms,cpu_label
stat/cpu,iowait_period,int,0,ms,cpu_label
stat/cpu,irq_period,int,0,ms,cpu_label
stat/cpu,softirq_period,int,0,ms,cpu_label
stat/cpu,steal_period,int,0,ms,cpu_label
stat/cpu,guest_period,int,0,ms,cpu_label
stat/cpu,guest_nice_period,int,0,ms,cpu_label
stat/cpu,system_all_period,int,0,ms,cpu_label
stat/cpu,idle_all_period,int,0,ms,cpu_label
stat/cpu,guest_all_period,int,0,ms,cpu_label
stat/cpu,total_period,int,0,ms,cpu_label
stat/cpu,user_perc,int,1,%,cpu_label
stat/cpu,nice_perc,int,1,%,cpu_label
stat/cpu,system_perc,int,1,%,cpu_label
stat/cpu,idle_perc,int,1,%,cpu_label
stat/cpu,iowait_perc,int,1,%,cpu_label
stat/cpu,irq_perc,int,1,%,cpu_label
stat/cpu,softirq_perc,int,1,%,cpu_label
stat/cpu,steal_perc,int,1,%,cpu_label
stat/cpu,guest_perc,int,1,%,cpu_label
stat/cpu,guest_nice_perc,int,1,%,cpu_label
stat/cpu,system_all_perc,int,1,%,cpu_label
stat/cpu,idle_all_perc,int,1,%,cpu_label
stat/cpu,guest_all_perc,int,1,%,cpu_label
sensors/thermal,type,str,0,,thermal_zone_label
sensors/thermal,temperature,float,0,C°,thermal_zone_label
sensors/fans,label,str,0,,fan_label
sensors/fans,input,int,0,RPM,fan_label
sensors/fans,temperature,float,0,C°,fan_label
sensors/coretemp,label,str,0,,sensor_label
sensors/coretemp,input,float,0,C°,sensor_label
sensors/coretemp,max,float,0,C°,sensor_label
sensors/coretemp,critical,float,0,C°,sensor_label
sensors/coretemp,label,str,0,,sensor_label
sensors/coretemp,input,float,0,C°,sensor_label
sensors/coretemp,max,float,0,C°,sensor_label
sensors/coretemp,critical,float,0,C°,sensor_label
stat,intr,int,1,,
stat,ctxt,int,1,,
stat,btime,int,1,,
stat,processes,int,0,,
stat,procs_running,int,0,,
stat,procs_blocked,int,0,,
stat,softirq,int,1,,
rt-cache,entries,int,0,,cpu_label
rt-cache,in_hit,int,0,,cpu_label
rt-cache,in_slow_tot,int,0,,cpu_label
rt-cache,in_slow_mc,int,0,,cpu_label
rt-cache,in_no_route,int,0,,cpu_label
rt-cache,in_brd,int,0,,cpu_label
rt-cache,in_martian_dst,int,0,,cpu_label
rt-cache,in_martian_src,int,0,,cpu_label
rt-cache,out_hit,int,0,,cpu_label
rt-cache,out_slow_tot,int,0,,cpu_label
rt-cache,out_slow_mc,int,0,,cpu_label
rt-cache,gc_total,int,0,,cpu_label
rt-cache,gc_ignored,int,0,,cpu_label
rt-cache,gc_goal_miss,int,0,,cpu_label
rt-cache,gc_dst_overflow,int,0,,cpu_label
rt-cache,in_hlist_search,int,0,,cpu_label
rt-cache,out_hlist_search,int,0,,cpu_label
arp-cache,entries,int,0,,cpu_label
arp-cache,allocs,int,0,,cpu_label
arp-cache,destroys,int,0,,cpu_label
arp-cache,hash_grows,int,0,,cpu_label
arp-cache,lookups,int,0,,cpu_label
arp-cache,hits,int,0,,cpu_label
arp-cache,res_failed,int,0,,cpu_label
arp-cache,rcv_probes_mcast,int,0,,cpu_label
arp-cache,rcv_probes_ucast,int,0,,cpu_label
arp-cache,periodic_gc_runs,int,0,,cpu_label
arp-cache,forced_gc_runs,int,0,,cpu_label
arp-cache,unresolved_discards,int,0,,cpu_label
arp-cache,table_fulls,int,0,,cpu_label
ndisc-cache,entries,int,0,,cpu_label
ndisc-cache,allocs,int,0,,cpu_label
ndisc-cache,destroys,int,0,,cpu_label
ndisc-cache,hash_grows,int,0,,cpu_label
ndisc-cache,lookups,int,0,,cpu_label
ndisc-cache,hits,int,0,,cpu_label
ndisc-cache,res_failed,int,0,,cpu_label
ndisc-cache,rcv_probes_mcast,int,0,,cpu_label
ndisc-cache,rcv_probes_ucast,int,0,,cpu_label
ndisc-cache,periodic_gc_runs,int,0,,cpu_label
ndisc-cache,forced_gc_runs,int,0,,cpu_label
ndisc-cache,unresolved_discards,int,0,,cpu_label
ndisc-cache,table_fulls,int,0,,cpu_label
net/route,if_name,str,0,,?
net/route,dst,str,0,,?
net/route,gateway,str,0,,?
net/route,flags,str,0,,?
net/route,ref_cnt,str,0,,?
net/route,use,str,0,,?
net/route,metric,str,0,,?
net/route,mask,str,0,,?
net/route,mtu,str,0,,?
net/route,win,str,0,,?
net/route,irtt,str,0,,?
stats,comm,str,0,,pid
stats,state,str,0,,pid
stats,ppid,str,0,,pid
stats,pgrp,str,0,,pid
stats,sid,str,0,,pid
stats,tty_nr,str,0,,pid
stats,tty_pgrp,str,0,,pid
stats,flags,str,0,,pid
stats,min_flt,str,0,,pid
stats,cmin_flt,str,0,,pid
stats,maj_flt,str,0,,pid
stats,cmaj_flt,str,0,,pid
stats,utime,str,0,,pid
stats,stime,str,0,,pid
stats,cutime,str,0,,pid
stats,cstime,str,0,,pid
stats,priority,str,0,,pid
stats,nice,str,0,,pid
stats,num_threads,str,0,,pid
stats,itrealvalue,str,0,,pid
stats,starttime,str,0,,pid
stats,vsize,str,0,,pid
stats,rss,str,0,,pid
stats,rsslim,str,0,,pid
stats,startcode,str,0,,pid
stats,endcode,str,0,,pid
stats,startstack,str,0,,pid
stats,kstk_esp,str,0,,pid
stats,kstk_eip,str,0,,pid
stats,signal,str,0,,pid
stats,blocked,str,0,,pid
stats,sigignore,str,0,,pid
stats,sigcatch,str,0,,pid
stats,wchan,str,0,,pid
stats,nswap,str,0,,pid
stats,cnswap,str,0,,pid
stats,exit_signal,str,0,,pid
stats,processor,str,0,,pid
stats,rt_priority,str,0,,pid
stats,policy,str,0,,pid
stats,delayacct_blkio_ticks,str,0,,pid
stats,gtime,str,0,,pid
stats,cgtime,str,0,,pid
virtualbox/system,version,str,0,,
virtualbox/vms,cpu,str,0,,vm_name
virtualbox/vms,state,str,0,,vm_name
virtualbox/vms,accessible,str,0,,vm_name
virtualbox/vms,id,str,0,,vm_name
virtualbox/vms,os_type_id,str,0,,vm_name
virtualbox/vms,cpu_cap,str,0,,vm_name
virtualbox/vms,mem_size,str,0,MB,vm_name
virtualbox/vms,vram_size,str,0,MB,vm_name
virtualbox/vms,firmware,str,0,,vm_name
virtualbox/vms,chipset,str,0,,vm_name
virtualbox/vms,session_state,str,0,,vm_name
virtualbox/vms,session_name,str,0,,vm_name
virtualbox/vms,session_pid,str,0,,vm_name
virtualbox/vms,last_state_change,str,0,,vm_name
virtualbox/vms,snapshot_count,str,0,,vm_name
virtualbox/vms,io_cache_enabled,str,0,,vm_name
virtualbox/vms,io_cache_size,str,0,,vm_name
virtualbox/vms,CPU/Load/User,float,0,,vm_name
virtualbox/vms,CPU/Load/Kernel,float,0,,vm_name
virtualbox/vms,RAM/Usage/Used,float,0,,vm_name
virtualbox/vms,Disk/Usage/Used,float,0,,vm_name
virtualbox/vms,Net/Rate/Rx,float,0,,vm_name
virtualbox/vms,Net/Rate/Tx,float,0,,vm_name
virtualbox/vms,Guest/CPU/Load/User,float,0,,vm_name
virtualbox/vms,Guest/CPU/Load/Kernel,float,0,,vm_name
virtualbox/vms,Guest/CPU/Load/Idle,float,0,,vm_name
virtualbox/vms,Guest/RAM/Usage/Total,float,0,,vm_name
virtualbox/vms,Guest/RAM/Usage/Free,float,0,,vm_name
virtualbox/vms,Guest/RAM/Usage/Balloon,float,0,,vm_name
virtualbox/vms,Guest/RAM/Usage/Shared,float,0,,vm_name
virtualbox/vms,Guest/RAM/Usage/Cache,float,0,,vm_name
virtualbox/vms,Guest/Pagefile/Usage/Total,float,0,,vm_name
virtualbox/vms,/VirtualBox/GuestInfo/Net/Count,int,0,,vm_name
virtualbox/vms,/VirtualBox/GuestInfo/Net/?/Name,str,0,,vm_name/net_index
virtualbox/vms,/VirtualBox/GuestInfo/Net/?/MAC,str,0,,vm_name/net_index
virtualbox/vms,/VirtualBox/GuestInfo/Net/?/V4/IP,str,0,,vm_name/net_index
virtualbox/vms,/VirtualBox/GuestInfo/Net/?/V4/Broadcast,str,0,,vm_name/net_index
virtualbox/vms,/VirtualBox/GuestInfo/Net/?/V4/Netmask,str,0,,vm_name/net_index
virtualbox/vms,/VirtualBox/GuestInfo/Net/?/Status,str,0,,vm_name/net_index
vpp/system,version,str,0,,
vpp/api/if,sw_if_index,int,0,,sw_if_name
vpp/api/if,link_addr,str,0,,sw_if_name
vpp/api/if,type,str,0,,sw_if_name
vpp/api/if,link_duplex,str,0,,sw_if_name
vpp/api/if,link_speed,int,0,,sw_if_name
vpp/api/if,link_mtu,int,0,,sw_if_name
vpp/api/if,interface_dev_type,str,0,,sw_if_name
vpp/stats/sys,/sys/vector_rate,float,0,,
vpp/stats/sys,/sys/num_worker_threads,int,0,,
vpp/stats/sys,/sys/input_rate,float,0,,
vpp/stats/sys,/mem/statseg/total,float,0,,
vpp/stats/sys,/mem/statseg/used,float,0,,
vpp/stats/buffer-pool,cached,int,0,,numa_node_index
vpp/stats/buffer-pool,used,int,0,,numa_node_index
vpp/stats/buffer-pool,available,int,0,,numa_node_index
vpp/stats/workers,/sys/vector_rate_per_worker,int,0,,worker_index
vpp/stats/workers,/sys/node/clocks,int,0,,worker_index
vpp/stats/workers,/sys/node/vectors,int,0,,worker_index
vpp/stats/workers,/sys/node/calls,int,0,,worker_index
vpp/stats/workers,/sys/node/suspends,int,0,,worker_index
vpp/stats/workers,/sys/node/names,str,0,,worker_index
vpp/stats/if,/if/drops,int,1,,sw_if_name
vpp/stats/if,/if/punt,int,1,,sw_if_name
vpp/stats/if,/if/ip4,int,1,,sw_if_name
vpp/stats/if,/if/ip6,int,1,,sw_if_name
vpp/stats/if,/if/rx-no-buf,int,1,,sw_if_name
vpp/stats/if,/if/rx-miss,int,1,,sw_if_name
vpp/stats/if,/if/rx-error,int,1,,sw_if_name
vpp/stats/if,/if/tx-error,int,1,,sw_if_name
vpp/stats/if,/if/mpls,int,1,,sw_if_name
vpp/stats/if,/if/rx-packets,int,1,,sw_if_name
vpp/stats/if,/if/rx-bytes,int,1,,sw_if_name
vpp/stats/if,/if/rx-unicast-packets,int,1,,sw_if_name
vpp/stats/if,/if/rx-unicast-bytes,int,1,,sw_if_name
vpp/stats/if,/if/rx-multicast-packets,int,1,,sw_if_name
vpp/stats/if,/if/rx-multicast-bytes,int,1,,sw_if_name
vpp/stats/if,/if/rx-broadcast-packets,int,1,,sw_if_name
vpp/stats/if,/if/rx-broadcast-bytes,int,1,,sw_if_name
vpp/stats/if,/if/tx-packets,int,1,,sw_if_name
vpp/stats/if,/if/tx-bytes,int,1,,sw_if_name
vpp/stats/if,/if/tx-unicast-packets,int,1,,sw_if_name
vpp/stats/if,/if/tx-unicast-bytes,int,1,,sw_if_name
vpp/stats/if,/if/tx-multicast-packets,int,1,,sw_if_name
vpp/stats/if,/if/tx-multicast-bytes,int,1,,sw_if_name
vpp/stats/if,/if/tx-broadcast-packets,int,1,,sw_if_name
vpp/stats/if,/if/tx-broadcast-bytes,int,1,,sw_if_name
vpp/stats/err,*,int,1,,node_name
